step,split,loss,perplexity,lr,tokens,elapsed_s
1,train,9.084656,8818.9294,3.000000e-07,16384,0.5
20,train,8.568380,5262.5993,6.000000e-06,327680,4.7
40,train,8.070455,3198.5556,1.200000e-05,655360,9.1
60,train,7.775209,2380.8419,1.800000e-05,983040,13.5
80,train,7.455228,1728.8787,2.400000e-05,1310720,22.1
100,train,7.021865,1120.8755,3.000000e-05,1638400,35.4
120,train,6.717385,826.6528,3.600000e-05,1966080,48.3
140,train,6.325153,558.4432,4.200000e-05,2293760,60.2
160,train,5.994884,401.3700,4.800000e-05,2621440,72.7
180,train,5.692762,296.7120,5.400000e-05,2949120,85.2
200,train,5.421983,226.3276,6.000000e-05,3276800,96.5
220,train,5.108412,165.4075,6.600000e-05,3604480,108.2
240,train,4.958932,142.4416,7.200000e-05,3932160,119.8
260,train,4.801799,121.7292,7.800000e-05,4259840,131.2
280,train,4.603824,99.8655,8.400000e-05,4587520,142.1
300,train,4.466274,87.0318,9.000000e-05,4915200,153.0
320,train,4.314749,74.7948,9.600000e-05,5242880,163.4
340,train,4.297140,73.4893,1.020000e-04,5570560,173.6
360,train,4.219095,67.9719,1.080000e-04,5898240,184.4
380,train,4.100786,60.3877,1.140000e-04,6225920,204.7
400,train,4.080761,59.1905,1.200000e-04,6553600,230.3
420,train,3.958875,52.3983,1.260000e-04,6881280,240.3
440,train,3.939124,51.3736,1.320000e-04,7208960,251.1
460,train,3.850940,47.0372,1.380000e-04,7536640,264.0
480,train,3.899738,49.3895,1.440000e-04,7864320,276.6
500,train,3.767098,43.2544,1.500000e-04,8192000,292.4
500,val,3.689221,40.0137,1.500000e-04,8192000,299.8
520,train,3.743516,42.2463,1.560000e-04,8519680,312.9
540,train,3.621222,37.3832,1.620000e-04,8847360,324.6
560,train,3.593532,36.3623,1.680000e-04,9175040,335.2
580,train,3.531520,34.1759,1.740000e-04,9502720,342.1
600,train,3.589022,36.1987,1.800000e-04,9830400,346.7
620,train,3.504561,33.2669,1.860000e-04,10158080,351.4
640,train,3.464611,31.9640,1.920000e-04,10485760,356.0
660,train,3.377921,29.3098,1.980000e-04,10813440,360.7
680,train,3.491117,32.8226,2.040000e-04,11141120,365.3
700,train,3.335742,28.0992,2.100000e-04,11468800,369.9
720,train,3.338916,28.1886,2.160000e-04,11796480,374.5
740,train,3.238062,25.4843,2.220000e-04,12124160,379.0
760,train,3.185589,24.1815,2.280000e-04,12451840,383.6
780,train,3.151963,23.3819,2.340000e-04,12779520,388.2
800,train,3.188913,24.2620,2.400000e-04,13107200,392.8
820,train,3.151338,23.3673,2.460000e-04,13434880,397.4
840,train,3.145769,23.2375,2.520000e-04,13762560,402.0
860,train,3.165786,23.7074,2.580000e-04,14090240,406.5
880,train,3.044177,20.9927,2.640000e-04,14417920,411.2
900,train,3.014306,20.3750,2.700000e-04,14745600,415.8
920,train,3.063559,21.4036,2.760000e-04,15073280,420.4
940,train,2.997196,20.0293,2.820000e-04,15400960,425.1
960,train,3.001587,20.1174,2.880000e-04,15728640,429.7
980,train,2.888556,17.9673,2.940000e-04,16056320,434.2
1000,train,2.884656,17.8974,3.000000e-04,16384000,438.8
1000,val,2.866797,17.5806,3.000000e-04,16384000,440.5
1020,train,3.021250,20.5169,2.999993e-04,16711680,445.2
1040,train,2.888938,17.9742,2.999972e-04,17039360,449.8
1060,train,2.866666,17.5783,2.999936e-04,17367040,454.3
1080,train,2.850043,17.2885,2.999885e-04,17694720,458.8
1100,train,2.985197,19.7904,2.999819e-04,18022400,463.3
1120,train,2.870478,17.6455,2.999739e-04,18350080,467.9
1140,train,2.791336,16.3028,2.999643e-04,18677760,472.5
1160,train,2.760805,15.8126,2.999533e-04,19005440,477.1
1180,train,2.720239,15.1839,2.999409e-04,19333120,481.7
1200,train,2.788371,16.2545,2.999269e-04,19660800,593.0
1220,train,2.702792,14.9213,2.999115e-04,19988480,602.8
1240,train,2.724217,15.2445,2.998946e-04,20316160,607.4
1260,train,2.839797,17.1123,2.998762e-04,20643840,612.1
1280,train,2.710322,15.0341,2.998564e-04,20971520,616.7
1300,train,2.672170,14.4713,2.998351e-04,21299200,621.3
1320,train,2.632331,13.9061,2.998123e-04,21626880,625.9
1340,train,2.629650,13.8689,2.997880e-04,21954560,630.6
1360,train,2.606756,13.5550,2.997622e-04,22282240,635.2
1380,train,2.684323,14.6483,2.997350e-04,22609920,639.8
1400,train,2.682252,14.6180,2.997063e-04,22937600,644.4
1420,train,2.655498,14.2321,2.996761e-04,23265280,649.0
1440,train,2.798250,16.4159,2.996445e-04,23592960,653.6
1460,train,2.563017,12.9749,2.996114e-04,23920640,658.2
1480,train,2.594562,13.3907,2.995768e-04,24248320,662.7
1500,train,2.594051,13.3839,2.995407e-04,24576000,667.3
1500,val,2.486896,12.0239,2.995407e-04,24576000,669.0
1520,train,2.587713,13.2993,2.995032e-04,24903680,673.8
1540,train,2.570090,13.0670,2.994642e-04,25231360,678.4
1560,train,2.500966,12.1943,2.994238e-04,25559040,683.0
1580,train,2.559993,12.9357,2.993818e-04,25886720,687.6
1600,train,2.469065,11.8114,2.993384e-04,26214400,692.2
1620,train,2.486374,12.0176,2.992935e-04,26542080,698.8
1640,train,2.595120,13.3982,2.992472e-04,26869760,708.1
1660,train,2.455740,11.6551,2.991994e-04,27197440,717.7
1680,train,2.517978,12.4035,2.991501e-04,27525120,727.7
1700,train,2.528739,12.5377,2.990993e-04,27852800,736.8
1720,train,2.428581,11.3428,2.990471e-04,28180480,745.9
1740,train,2.552453,12.8386,2.989934e-04,28508160,754.5
1760,train,2.435679,11.4236,2.989383e-04,28835840,763.8
1780,train,2.487715,12.0337,2.988817e-04,29163520,774.3
1800,train,2.450431,11.5933,2.988236e-04,29491200,784.6
1820,train,2.468911,11.8096,2.987641e-04,29818880,795.3
1840,train,2.477438,11.9107,2.987030e-04,30146560,805.5
1860,train,2.474019,11.8701,2.986406e-04,30474240,816.3
1880,train,2.419740,11.2429,2.985767e-04,30801920,826.6
1900,train,2.390172,10.9154,2.985113e-04,31129600,836.2
1920,train,2.374702,10.7478,2.984444e-04,31457280,845.5
1940,train,2.407635,11.1077,2.983761e-04,31784960,855.6
1960,train,2.311494,10.0895,2.983064e-04,32112640,866.5
1980,train,2.332161,10.3002,2.982351e-04,32440320,877.5
2000,train,2.466243,11.7781,2.981624e-04,32768000,888.1
2000,val,2.291383,9.8886,2.981624e-04,32768000,892.7
2020,train,2.353282,10.5200,2.980883e-04,33095680,903.8
2040,train,2.336524,10.3452,2.980127e-04,33423360,913.9
2060,train,2.363844,10.6317,2.979357e-04,33751040,924.5
2080,train,2.414475,11.1839,2.978572e-04,34078720,934.9
2100,train,2.314247,10.1173,2.977772e-04,34406400,945.8
2120,train,2.374090,10.7412,2.976958e-04,34734080,956.0
2140,train,2.272443,9.7031,2.976130e-04,35061760,965.2
2160,train,2.331519,10.2936,2.975287e-04,35389440,975.6
2180,train,2.345597,10.4395,2.974429e-04,35717120,986.6
2200,train,2.336346,10.3434,2.973557e-04,36044800,997.7
2220,train,2.420906,11.2560,2.972670e-04,36372480,1008.7
2240,train,2.311703,10.0916,2.971769e-04,36700160,1019.0
2260,train,2.441900,11.4949,2.970854e-04,37027840,1029.2
2280,train,2.304199,10.0161,2.969924e-04,37355520,1038.7
2300,train,2.352861,10.5156,2.968980e-04,37683200,1048.0
2320,train,2.235973,9.3556,2.968021e-04,38010880,1057.7
2340,train,2.418008,11.2235,2.967048e-04,38338560,1067.6
2360,train,2.272246,9.7012,2.966060e-04,38666240,1077.6
2380,train,2.303253,10.0067,2.965058e-04,38993920,1087.9
2400,train,2.323816,10.2146,2.964042e-04,39321600,1098.0
2420,train,2.284113,9.8170,2.963011e-04,39649280,1108.4
2440,train,2.322304,10.1991,2.961966e-04,39976960,1119.3
2460,train,2.259398,9.5773,2.960907e-04,40304640,1130.1
2480,train,2.313013,10.1048,2.959833e-04,40632320,1140.3
2500,train,2.242415,9.4160,2.958745e-04,40960000,1150.3
2500,val,2.176093,8.8118,2.958745e-04,40960000,1154.4
2520,train,2.267820,9.6583,2.957643e-04,41287680,1165.4
2540,train,2.291664,9.8914,2.956526e-04,41615360,1175.4
2560,train,2.322895,10.2052,2.955395e-04,41943040,1185.6
2580,train,2.213937,9.1517,2.954250e-04,42270720,1195.6
2600,train,2.276170,9.7393,2.953090e-04,42598400,1204.8
2620,train,2.271760,9.6965,2.951917e-04,42926080,1213.8
2640,train,2.231257,9.3116,2.950729e-04,43253760,1224.2
2660,train,2.256959,9.5540,2.949526e-04,43581440,1235.2
2680,train,2.201004,9.0341,2.948310e-04,43909120,1245.7
2700,train,2.373477,10.7346,2.947079e-04,44236800,1255.0
2720,train,2.260251,9.5855,2.945835e-04,44564480,1264.5
2740,train,2.309664,10.0710,2.944576e-04,44892160,1274.1
2760,train,2.181253,8.8574,2.943302e-04,45219840,1284.3
2780,train,2.198428,9.0108,2.942015e-04,45547520,1294.4
2800,train,2.265559,9.6365,2.940714e-04,45875200,1304.4
2820,train,2.356913,10.5583,2.939398e-04,46202880,1314.8
2840,train,2.242822,9.4199,2.938069e-04,46530560,1323.9
2860,train,2.152527,8.6066,2.936725e-04,46858240,1333.1
2880,train,2.190569,8.9403,2.935367e-04,47185920,1342.2
2900,train,2.322355,10.1997,2.933995e-04,47513600,1350.8
2920,train,2.194774,8.9780,2.932609e-04,47841280,1359.3
2940,train,2.277991,9.7571,2.931209e-04,48168960,1367.6
2960,train,2.219487,9.2026,2.929796e-04,48496640,1376.4
2980,train,2.245617,9.4462,2.928368e-04,48824320,1385.1
3000,train,2.230234,9.3020,2.926926e-04,49152000,1394.0
3000,val,2.095118,8.1264,2.926926e-04,49152000,1397.8
3020,train,2.258781,9.5714,2.925470e-04,49479680,1407.0
3040,train,2.240450,9.3976,2.924000e-04,49807360,1415.9
3060,train,2.142426,8.5201,2.922516e-04,50135040,1424.5
3080,train,2.170760,8.7649,2.921019e-04,50462720,1433.5
3100,train,2.159623,8.6679,2.919507e-04,50790400,1442.6
3120,train,2.233905,9.3362,2.917982e-04,51118080,1452.2
3140,train,2.182636,8.8697,2.916442e-04,51445760,1462.5
3160,train,2.113360,8.2760,2.914889e-04,51773440,1472.6
3180,train,2.162372,8.6917,2.913322e-04,52101120,1481.9
3200,train,2.146514,8.5550,2.911741e-04,52428800,1491.1
3220,train,2.204651,9.0671,2.910147e-04,52756480,1500.8
3240,train,2.179550,8.8423,2.908538e-04,53084160,1511.0
3260,train,2.186908,8.9076,2.906916e-04,53411840,1521.0
3280,train,2.097612,8.1467,2.905280e-04,53739520,1531.6
3300,train,2.131973,8.4315,2.903631e-04,54067200,1542.1
3320,train,2.189786,8.9333,2.901967e-04,54394880,1552.9
3340,train,2.197659,9.0039,2.900290e-04,54722560,1563.6
3360,train,2.047040,7.7449,2.898600e-04,55050240,1574.4
3380,train,2.171118,8.7681,2.896895e-04,55377920,1584.9
3400,train,2.169207,8.7513,2.895177e-04,55705600,1595.6
3420,train,2.104416,8.2023,2.893446e-04,56033280,1606.4
3440,train,2.195822,8.9874,2.891701e-04,56360960,1617.3
3460,train,2.058623,7.8352,2.889942e-04,56688640,1628.0
3480,train,2.220046,9.2078,2.888170e-04,57016320,1638.4
3500,train,2.111888,8.2638,2.886384e-04,57344000,1648.2
3500,val,2.038894,7.6821,2.886384e-04,57344000,1652.6
3520,train,2.088632,8.0739,2.884584e-04,57671680,1663.7
3540,train,2.243915,9.4302,2.882771e-04,57999360,1673.7
3560,train,2.181538,8.8599,2.880945e-04,58327040,1683.1
3580,train,2.130426,8.4185,2.879105e-04,58654720,1692.0
3600,train,2.133310,8.4428,2.877252e-04,58982400,1702.2
3620,train,2.222837,9.2335,2.875385e-04,59310080,1713.0
3640,train,2.152972,8.6104,2.873505e-04,59637760,1723.7
3660,train,2.098579,8.1546,2.871612e-04,59965440,1734.3
3680,train,2.079699,8.0021,2.869705e-04,60293120,1744.9
3700,train,2.152145,8.6033,2.867785e-04,60620800,1755.5
3720,train,2.110421,8.2517,2.865851e-04,60948480,1765.5
3740,train,2.039606,7.6876,2.863904e-04,61276160,1775.1
3760,train,2.091686,8.0986,2.861944e-04,61603840,1779.6
3780,train,2.153570,8.6156,2.859971e-04,61931520,1784.0
3800,train,2.103683,8.1963,2.857984e-04,62259200,1788.4
3820,train,2.092745,8.1071,2.855985e-04,62586880,1792.8
3840,train,2.022038,7.5537,2.853972e-04,62914560,1797.2
3860,train,2.151131,8.5946,2.851945e-04,63242240,1801.6
3880,train,2.089866,8.0838,2.849906e-04,63569920,1806.0
3900,train,2.058291,7.8326,2.847854e-04,63897600,1810.5
3920,train,2.116117,8.2989,2.845788e-04,64225280,1815.6
3940,train,2.126913,8.3889,2.843710e-04,64552960,1824.3
3960,train,2.110517,8.2525,2.841618e-04,64880640,1832.6
3980,train,2.035979,7.6597,2.839513e-04,65208320,1841.9
4000,train,2.062388,7.8647,2.837396e-04,65536000,1851.8
4000,val,1.991582,7.3271,2.837396e-04,65536000,1856.7
4020,train,2.091341,8.0958,2.835265e-04,65863680,1866.1
4040,train,2.199086,9.0168,2.833122e-04,66191360,1874.1
4060,train,2.021047,7.5462,2.830965e-04,66519040,1882.0
4080,train,2.120766,8.3375,2.828796e-04,66846720,1891.4
4100,train,2.117397,8.3095,2.826613e-04,67174400,1901.2
4120,train,2.054945,7.8064,2.824418e-04,67502080,1910.8
4140,train,2.034161,7.6458,2.822210e-04,67829760,1918.8
4160,train,2.114059,8.2818,2.819989e-04,68157440,1927.0
4180,train,2.022039,7.5537,2.817755e-04,68485120,1934.4
4200,train,2.121912,8.3471,2.815509e-04,68812800,1942.3
4220,train,2.162340,8.6915,2.813250e-04,69140480,1964.2
4240,train,2.047469,7.7483,2.810978e-04,69468160,1986.9
4260,train,2.089719,8.0826,2.808693e-04,69795840,2009.5
4280,train,2.017875,7.5223,2.806396e-04,70123520,2031.0
4300,train,2.009550,7.4600,2.804086e-04,70451200,2047.5
4320,train,2.061736,7.8596,2.801763e-04,70778880,2056.5
4340,train,2.015733,7.5062,2.799428e-04,71106560,2065.7
4360,train,2.034857,7.6512,2.797081e-04,71434240,2074.3
4380,train,2.010339,7.4658,2.794720e-04,71761920,2085.6
4400,train,2.093199,8.1108,2.792348e-04,72089600,2095.8
4420,train,2.069846,7.9236,2.789962e-04,72417280,2106.1
4440,train,2.143396,8.5283,2.787565e-04,72744960,2115.6
4460,train,2.087979,8.0686,2.785154e-04,73072640,2125.3
4480,train,2.065158,7.8865,2.782732e-04,73400320,2134.9
4500,train,2.030105,7.6149,2.780297e-04,73728000,2144.0
4500,val,1.957085,7.0787,2.780297e-04,73728000,2148.0
4520,train,2.057806,7.8288,2.777849e-04,74055680,2159.7
4540,train,2.038072,7.6758,2.775390e-04,74383360,2170.7
4560,train,1.981773,7.2556,2.772918e-04,74711040,2181.5
4580,train,2.097241,8.1437,2.770434e-04,75038720,2193.4
4600,train,2.023498,7.5647,2.767937e-04,75366400,2203.8
4620,train,2.092074,8.1017,2.765428e-04,75694080,2214.8
4640,train,2.000126,7.3900,2.762907e-04,76021760,2225.7
4660,train,2.137900,8.4816,2.760374e-04,76349440,2235.7
4680,train,2.016447,7.5116,2.757829e-04,76677120,2243.3
4700,train,2.004274,7.4207,2.755272e-04,77004800,2252.2
4720,train,2.070328,7.9274,2.752702e-04,77332480,2261.0
4740,train,1.988626,7.3055,2.750121e-04,77660160,2269.5
4760,train,2.082589,8.0252,2.747527e-04,77987840,2278.0
4780,train,1.982707,7.2624,2.744922e-04,78315520,2286.9
4800,train,1.941293,6.9678,2.742304e-04,78643200,2295.7
4820,train,1.986279,7.2884,2.739675e-04,78970880,2304.4
4840,train,2.092123,8.1021,2.737033e-04,79298560,2314.2
4860,train,1.917831,6.8062,2.734380e-04,79626240,2323.6
4880,train,2.009631,7.4606,2.731715e-04,79953920,2334.3
4900,train,2.127211,8.3914,2.729038e-04,80281600,2343.4
4920,train,2.109795,8.2466,2.726349e-04,80609280,2351.7
4940,train,1.955840,7.0699,2.723649e-04,80936960,2360.6
4960,train,2.043342,7.7164,2.720936e-04,81264640,2372.9
4980,train,2.051102,7.7765,2.718212e-04,81592320,2384.0
5000,train,2.118783,8.3210,2.715477e-04,81920000,2395.7
5000,val,1.924242,6.8500,2.715477e-04,81920000,2400.6
5020,train,1.996541,7.3635,2.712729e-04,82247680,2412.0
5040,train,2.043125,7.7147,2.709971e-04,82575360,2421.5
5060,train,2.007341,7.4435,2.707200e-04,82903040,2431.2
5080,train,1.995689,7.3573,2.704418e-04,83230720,2441.1
5100,train,2.016281,7.5103,2.701624e-04,83558400,2452.0
5120,train,1.999276,7.3837,2.698819e-04,83886080,2463.9
5140,train,2.057249,7.8244,2.696003e-04,84213760,2475.3
5160,train,1.883931,6.5793,2.693175e-04,84541440,2486.8
5180,train,2.035663,7.6573,2.690335e-04,84869120,2498.4
5200,train,2.085824,8.0512,2.687484e-04,85196800,2509.5
5220,train,1.958723,7.0903,2.684622e-04,85524480,2521.2
5240,train,2.084246,8.0385,2.681749e-04,85852160,2532.1
5260,train,2.038366,7.6781,2.678864e-04,86179840,2544.0
5280,train,2.004281,7.4208,2.675968e-04,86507520,2556.2
5300,train,2.036516,7.6639,2.673061e-04,86835200,2566.8
5320,train,2.047683,7.7499,2.670142e-04,87162880,2578.2
5340,train,2.033153,7.6381,2.667213e-04,87490560,2589.7
5360,train,2.080205,8.0061,2.664272e-04,87818240,2601.2
5380,train,1.958707,7.0902,2.661320e-04,88145920,2612.9
5400,train,2.059665,7.8433,2.658357e-04,88473600,2624.0
5420,train,2.042315,7.7084,2.655384e-04,88801280,2635.1
5440,train,1.988110,7.3017,2.652399e-04,89128960,2639.8
5460,train,2.076596,7.9773,2.649403e-04,89456640,2644.3
5480,train,1.909656,6.7508,2.646396e-04,89784320,2648.7
5500,train,1.932780,6.9087,2.643378e-04,90112000,2653.2
5500,val,1.896841,6.6648,2.643378e-04,90112000,2654.8
5520,train,1.983319,7.2668,2.640350e-04,90439680,2659.4
5540,train,2.035806,7.6584,2.637311e-04,90767360,2663.9
5560,train,1.976680,7.2187,2.634260e-04,91095040,2668.3
5580,train,2.065116,7.8862,2.631200e-04,91422720,2672.8
5600,train,2.040201,7.6922,2.628128e-04,91750400,2677.3
5620,train,2.015506,7.5045,2.625046e-04,92078080,2681.7
5640,train,2.042205,7.7076,2.621953e-04,92405760,2686.2
5660,train,1.963163,7.1218,2.618849e-04,92733440,2690.7
5680,train,2.040782,7.6966,2.615735e-04,93061120,2695.1
5700,train,1.914310,6.7823,2.612610e-04,93388800,2699.6
5720,train,2.061315,7.8563,2.609475e-04,93716480,2706.6
5740,train,1.915411,6.7897,2.606329e-04,94044160,2714.7
5760,train,1.955334,7.0663,2.603173e-04,94371840,2722.9
5780,train,2.013068,7.4862,2.600006e-04,94699520,2734.9
5800,train,1.995472,7.3557,2.596829e-04,95027200,2744.0
5820,train,1.991760,7.3284,2.593641e-04,95354880,2752.6
5840,train,1.966289,7.1441,2.590444e-04,95682560,2760.8
5860,train,2.010005,7.4634,2.587236e-04,96010240,2769.7
5880,train,1.899252,6.6809,2.584017e-04,96337920,2782.1
5900,train,1.907659,6.7373,2.580789e-04,96665600,2794.3
5920,train,2.057402,7.8256,2.577550e-04,96993280,2806.7
5940,train,2.056973,7.8223,2.574301e-04,97320960,2818.5
5960,train,1.967688,7.1541,2.571042e-04,97648640,2829.7
5980,train,1.981034,7.2502,2.567773e-04,97976320,2841.2
6000,train,1.951132,7.0367,2.564494e-04,98304000,2852.8
6000,val,1.876365,6.5297,2.564494e-04,98304000,2857.9
6020,train,2.017602,7.5203,2.561205e-04,98631680,2870.1
6040,train,1.975674,7.2115,2.557906e-04,98959360,2882.6
6060,train,1.915333,6.7892,2.554597e-04,99287040,2895.3
6080,train,1.997299,7.3691,2.551279e-04,99614720,2907.9
6100,train,1.927897,6.8750,2.547950e-04,99942400,2920.4
6120,train,1.960295,7.1014,2.544611e-04,100270080,2932.9
6140,train,2.010861,7.4697,2.541263e-04,100597760,2945.0
6160,train,1.968415,7.1593,2.537905e-04,100925440,2956.7
6180,train,2.015756,7.5064,2.534537e-04,101253120,2967.7
6200,train,1.896047,6.6595,2.531160e-04,101580800,2978.6
6220,train,1.908780,6.7449,2.527773e-04,101908480,2989.5
6240,train,1.926632,6.8663,2.524376e-04,102236160,3000.0
6260,train,2.068357,7.9118,2.520970e-04,102563840,3012.4
6280,train,1.934560,6.9210,2.517554e-04,102891520,3023.7
6300,train,1.937559,6.9418,2.514129e-04,103219200,3036.0
6320,train,2.076724,7.9783,2.510694e-04,103546880,3047.4
6340,train,1.955532,7.0677,2.507250e-04,103874560,3059.3
6360,train,1.941544,6.9695,2.503797e-04,104202240,3072.1
6380,train,1.986937,7.2932,2.500334e-04,104529920,3084.0
6400,train,1.870727,6.4930,2.496862e-04,104857600,3095.4
6420,train,1.987087,7.2943,2.493381e-04,105185280,3107.1
6440,train,1.993338,7.3400,2.489890e-04,105512960,3118.5
6460,train,1.995582,7.3565,2.486390e-04,105840640,3130.2
6480,train,1.940068,6.9592,2.482881e-04,106168320,3141.5
6500,train,1.912216,6.7681,2.479363e-04,106496000,3153.8
6500,val,1.858345,6.4131,2.479363e-04,106496000,3159.0
6520,train,1.958530,7.0889,2.475836e-04,106823680,3171.2
6540,train,1.947399,7.0104,2.472300e-04,107151360,3183.3
6560,train,2.010289,7.4655,2.468755e-04,107479040,3194.9
6580,train,1.959573,7.0963,2.465201e-04,107806720,3207.0
6600,train,1.874397,6.5169,2.461638e-04,108134400,3219.5
6620,train,1.944885,6.9928,2.458066e-04,108462080,3232.6
6640,train,1.984254,7.2736,2.454485e-04,108789760,3247.7
6660,train,1.978534,7.2321,2.450896e-04,109117440,3258.9
6680,train,1.917220,6.8020,2.447298e-04,109445120,3269.0
6700,train,1.969406,7.1664,2.443691e-04,109772800,3277.0
6720,train,1.955617,7.0683,2.440075e-04,110100480,3285.5
6740,train,1.970129,7.1716,2.436451e-04,110428160,3295.8
6760,train,2.012037,7.4785,2.432818e-04,110755840,3304.1
6780,train,2.040740,7.6963,2.429176e-04,111083520,3312.4
6800,train,2.008844,7.4547,2.425526e-04,111411200,3320.9
6820,train,1.956796,7.0766,2.421868e-04,111738880,3329.0
6840,train,1.903536,6.7096,2.418201e-04,112066560,3337.9
6860,train,2.018767,7.5290,2.414526e-04,112394240,3346.0
6880,train,1.971751,7.1832,2.410842e-04,112721920,3354.0
6900,train,1.886142,6.5939,2.407150e-04,113049600,3362.3
6920,train,2.020499,7.5421,2.403450e-04,113377280,3370.6
6940,train,1.891962,6.6324,2.399741e-04,113704960,3378.6
6960,train,1.959965,7.0991,2.396025e-04,114032640,3386.2
6980,train,2.046648,7.7419,2.392300e-04,114360320,3394.9
7000,train,1.909547,6.7500,2.388567e-04,114688000,3405.4
7000,val,1.838575,6.2876,2.388567e-04,114688000,3410.0
7020,train,1.931256,6.8982,2.384826e-04,115015680,3422.3
7040,train,1.914646,6.7845,2.381077e-04,115343360,3433.4
7060,train,1.906912,6.7323,2.377320e-04,115671040,3444.3
7080,train,1.845846,6.3335,2.373555e-04,115998720,3455.8
7100,train,1.906955,6.7326,2.369782e-04,116326400,3466.8
7120,train,1.921181,6.8290,2.366001e-04,116654080,3477.6
7140,train,1.972400,7.1879,2.362212e-04,116981760,3488.9
7160,train,1.973232,7.1939,2.358416e-04,117309440,3499.6
7180,train,2.009593,7.4603,2.354612e-04,117637120,3510.5
7200,train,1.964542,7.1316,2.350800e-04,117964800,3521.3
7220,train,1.930573,6.8935,2.346980e-04,118292480,3531.9
7240,train,2.011633,7.4755,2.343153e-04,118620160,3542.7
7260,train,2.010867,7.4698,2.339318e-04,118947840,3553.9
7280,train,1.999619,7.3862,2.335476e-04,119275520,3564.7
7300,train,1.885520,6.5898,2.331626e-04,119603200,3575.7
7320,train,1.965350,7.1374,2.327769e-04,119930880,3586.4
7340,train,1.882867,6.5723,2.323904e-04,120258560,3597.2
7360,train,1.919117,6.8149,2.320032e-04,120586240,3607.9
7380,train,1.914685,6.7848,2.316153e-04,120913920,3618.3
7400,train,1.923768,6.8467,2.312266e-04,121241600,3629.2
7420,train,1.921586,6.8318,2.308372e-04,121569280,3637.3
7440,train,1.878545,6.5440,2.304471e-04,121896960,3641.7
7460,train,1.887527,6.6030,2.300563e-04,122224640,3646.1
7480,train,1.903773,6.7112,2.296648e-04,122552320,3659.9
7500,train,1.823682,6.1946,2.292725e-04,122880000,3677.0
7500,val,1.822215,6.1855,2.292725e-04,122880000,3683.4
7520,train,1.926373,6.8646,2.288796e-04,123207680,3696.2
7540,train,1.906056,6.7265,2.284859e-04,123535360,3706.5
7560,train,1.904432,6.7156,2.280916e-04,123863040,3715.9
7580,train,1.920671,6.8255,2.276966e-04,124190720,3726.3
7600,train,1.918284,6.8093,2.273009e-04,124518400,3736.3
7620,train,1.882051,6.5670,2.269045e-04,124846080,3746.8
7640,train,1.898572,6.6764,2.265074e-04,125173760,3757.9
7660,train,1.974497,7.2030,2.261096e-04,125501440,3768.6
7680,train,1.907204,6.7342,2.257112e-04,125829120,3780.1
7700,train,1.929495,6.8860,2.253122e-04,126156800,3791.9
7720,train,1.879005,6.5470,2.249124e-04,126484480,3804.2
7740,train,1.935615,6.9283,2.245120e-04,126812160,3815.9
7760,train,1.936101,6.9317,2.241110e-04,127139840,3826.4
7780,train,2.005400,7.4291,2.237093e-04,127467520,3840.0
7800,train,1.920487,6.8243,2.233070e-04,127795200,3853.0
7820,train,2.022181,7.5548,2.229040e-04,128122880,3864.3
7840,train,1.927058,6.8693,2.225004e-04,128450560,3875.0
7860,train,1.788449,5.9802,2.220962e-04,128778240,3887.2
7880,train,1.936678,6.9357,2.216913e-04,129105920,3904.0
7900,train,1.907701,6.7376,2.212858e-04,129433600,3921.2
7920,train,1.922309,6.8367,2.208798e-04,129761280,3936.7
7940,train,1.956542,7.0748,2.204730e-04,130088960,3951.9
7960,train,1.918755,6.8125,2.200657e-04,130416640,3967.2
7980,train,1.930343,6.8919,2.196578e-04,130744320,3982.3
8000,train,1.862678,6.4410,2.192493e-04,131072000,3997.8
8000,val,1.807818,6.0971,2.192493e-04,131072000,4004.4
8020,train,1.833259,6.2542,2.188402e-04,131399680,4020.3
8040,train,1.973984,7.1993,2.184305e-04,131727360,4035.7
8060,train,1.893458,6.6423,2.180203e-04,132055040,4051.8
8080,train,1.814035,6.1352,2.176094e-04,132382720,4067.3
8100,train,1.954375,7.0595,2.171980e-04,132710400,4082.0
8120,train,1.878894,6.5463,2.167860e-04,133038080,4096.6
8140,train,1.923567,6.8453,2.163734e-04,133365760,4112.0
8160,train,1.912103,6.7673,2.159603e-04,133693440,4126.4
8180,train,1.839581,6.2939,2.155466e-04,134021120,4139.5
8200,train,1.894275,6.6477,2.151324e-04,134348800,4152.2
8220,train,1.876104,6.5280,2.147176e-04,134676480,4165.4
8240,train,1.903323,6.7082,2.143022e-04,135004160,4180.5
8260,train,1.859361,6.4196,2.138864e-04,135331840,4196.0
8280,train,1.846491,6.3375,2.134700e-04,135659520,4212.0
8300,train,1.932198,6.9047,2.130530e-04,135987200,4228.1
8320,train,1.930496,6.8929,2.126356e-04,136314880,4244.1
8340,train,1.911811,6.7653,2.122176e-04,136642560,4259.3
8360,train,1.863576,6.4467,2.117991e-04,136970240,4274.3
8380,train,1.896935,6.6654,2.113801e-04,137297920,4290.2
8400,train,1.953562,7.0538,2.109606e-04,137625600,4305.5
8420,train,1.898270,6.6743,2.105405e-04,137953280,4321.6
8440,train,1.885632,6.5905,2.101200e-04,138280960,4337.3
8460,train,1.956610,7.0753,2.096990e-04,138608640,4353.3
8480,train,1.902945,6.7056,2.092775e-04,138936320,4368.1
8500,train,1.862512,6.4399,2.088555e-04,139264000,4382.9
8500,val,1.793943,6.0131,2.088555e-04,139264000,4389.2
8520,train,1.925405,6.8579,2.084331e-04,139591680,4404.4
8540,train,1.854393,6.3878,2.080101e-04,139919360,4419.2
8560,train,1.857900,6.4103,2.075867e-04,140247040,4433.2
8580,train,1.900740,6.6908,2.071629e-04,140574720,4448.5
8600,train,1.818955,6.1654,2.067385e-04,140902400,4463.4
8620,train,1.827908,6.2209,2.063137e-04,141230080,4475.2
8640,train,1.920090,6.8216,2.058885e-04,141557760,4485.2
8660,train,1.864717,6.4541,2.054628e-04,141885440,4495.1
8680,train,1.912830,6.7722,2.050367e-04,142213120,4505.0
8700,train,1.996384,7.3624,2.046101e-04,142540800,4515.2
8720,train,1.880640,6.5577,2.041831e-04,142868480,4529.4
8740,train,1.873440,6.5107,2.037557e-04,143196160,4545.1
8760,train,1.877449,6.5368,2.033278e-04,143523840,4561.0
8780,train,1.896067,6.6597,2.028995e-04,143851520,4576.7
8800,train,1.808466,6.1011,2.024708e-04,144179200,4592.1
8820,train,1.928280,6.8777,2.020417e-04,144506880,4607.9
8840,train,1.865620,6.4599,2.016122e-04,144834560,4623.9
8860,train,1.939860,6.9578,2.011823e-04,145162240,4639.8
8880,train,1.845563,6.3317,2.007520e-04,145489920,4655.2
8900,train,1.846801,6.3395,2.003213e-04,145817600,4668.8
8920,train,1.869844,6.4873,1.998903e-04,146145280,4673.2
8940,train,1.891293,6.6279,1.994588e-04,146472960,4677.6
8960,train,1.870774,6.4933,1.990270e-04,146800640,4682.0
8980,train,1.920348,6.8233,1.985948e-04,147128320,4686.5
9000,train,1.867668,6.4732,1.981622e-04,147456000,4690.9
9000,val,1.782911,5.9471,1.981622e-04,147456000,4692.6
9020,train,1.912986,6.7733,1.977292e-04,147783680,4697.1
9040,train,1.839198,6.2915,1.972959e-04,148111360,4705.8
9060,train,1.900096,6.6865,1.968623e-04,148439040,4717.8
9080,train,1.787520,5.9746,1.964283e-04,148766720,4728.5
9100,train,1.856508,6.4013,1.959940e-04,149094400,4739.4
9120,train,1.826570,6.2125,1.955593e-04,149422080,4749.7
9140,train,1.931945,6.9029,1.951243e-04,149749760,4760.4
9160,train,1.877137,6.5348,1.946889e-04,150077440,4771.8
9180,train,1.796307,6.0273,1.942532e-04,150405120,4782.6
9200,train,1.810733,6.1149,1.938173e-04,150732800,4792.4
9220,train,1.840539,6.2999,1.933810e-04,151060480,4796.8
9240,train,1.865724,6.4606,1.929443e-04,151388160,4801.2
9260,train,1.907610,6.7370,1.925074e-04,151715840,4805.6
9280,train,1.846191,6.3356,1.920702e-04,152043520,4810.0
9300,train,1.833816,6.2577,1.916327e-04,152371200,4814.4
9320,train,1.869213,6.4832,1.911949e-04,152698880,4818.8
9340,train,1.913652,6.7778,1.907568e-04,153026560,4823.2
9360,train,1.909486,6.7496,1.903184e-04,153354240,4827.7
9380,train,1.885358,6.5887,1.898798e-04,153681920,4832.0
9400,train,1.897698,6.6705,1.894408e-04,154009600,4836.5
9420,train,1.800068,6.0501,1.890016e-04,154337280,4840.9
9440,train,1.886752,6.5979,1.885622e-04,154664960,4845.3
9460,train,1.825009,6.2029,1.881225e-04,154992640,4849.6
9480,train,1.874973,6.5206,1.876825e-04,155320320,4854.0
9500,train,1.909662,6.7508,1.872423e-04,155648000,4858.4
9500,val,1.771048,5.8770,1.872423e-04,155648000,4860.1
9520,train,1.943791,6.9852,1.868018e-04,155975680,4864.6
9540,train,1.899336,6.6815,1.863611e-04,156303360,4869.1
9560,train,1.827416,6.2178,1.859202e-04,156631040,4873.4
9580,train,1.833630,6.2566,1.854790e-04,156958720,4877.8
9600,train,1.843871,6.3210,1.850377e-04,157286400,4882.2
9620,train,1.861784,6.4352,1.845961e-04,157614080,4886.6
9640,train,1.820683,6.1761,1.841543e-04,157941760,4891.1
9660,train,1.864582,6.4532,1.837122e-04,158269440,4895.5
9680,train,1.947465,7.0109,1.832700e-04,158597120,4899.9
9700,train,1.805157,6.0809,1.828276e-04,158924800,4904.3
9720,train,1.884675,6.5842,1.823849e-04,159252480,4908.7
9740,train,1.886257,6.5946,1.819421e-04,159580160,4913.2
9760,train,1.889760,6.6178,1.814991e-04,159907840,4917.6
9780,train,1.895411,6.6553,1.810560e-04,160235520,4922.0
9800,train,1.898611,6.6766,1.806126e-04,160563200,4926.4
9820,train,1.815738,6.1456,1.801691e-04,160890880,4930.8
9840,train,1.879973,6.5533,1.797254e-04,161218560,4935.2
9860,train,1.867592,6.4727,1.792815e-04,161546240,4939.6
9880,train,1.932127,6.9042,1.788375e-04,161873920,4944.0
9900,train,1.936048,6.9313,1.783934e-04,162201600,4948.4
9920,train,1.843050,6.3158,1.779491e-04,162529280,4952.9
9940,train,1.820836,6.1770,1.775046e-04,162856960,4957.3
9960,train,1.858571,6.4146,1.770600e-04,163184640,4961.7
9980,train,1.814223,6.1363,1.766153e-04,163512320,4966.1
10000,train,2.004799,7.4246,1.761705e-04,163840000,4970.6
10000,val,1.761560,5.8215,1.761705e-04,163840000,4972.2
10020,train,1.776556,5.9095,1.757255e-04,164167680,4976.8
10040,train,1.866358,6.4647,1.752804e-04,164495360,4981.2
10060,train,1.875403,6.5234,1.748352e-04,164823040,4985.6
10080,train,1.800956,6.0554,1.743899e-04,165150720,4990.0
10100,train,1.772541,5.8858,1.739445e-04,165478400,4994.4
10120,train,1.822241,6.1857,1.734990e-04,165806080,4998.8
10140,train,1.782037,5.9419,1.730534e-04,166133760,5003.2
10160,train,1.916434,6.7967,1.726077e-04,166461440,5007.6
10180,train,1.908970,6.7461,1.721619e-04,166789120,5012.0
10200,train,1.876813,6.5327,1.717161e-04,167116800,5016.5
10220,train,1.866823,6.4677,1.712702e-04,167444480,5020.9
10240,train,1.913419,6.7762,1.708242e-04,167772160,5025.3
10260,train,1.871639,6.4989,1.703781e-04,168099840,5029.7
10280,train,1.920569,6.8248,1.699320e-04,168427520,5034.2
10300,train,1.828396,6.2239,1.694859e-04,168755200,5038.6
10320,train,1.858602,6.4148,1.690397e-04,169082880,5043.0
10340,train,1.861343,6.4324,1.685934e-04,169410560,5047.5
10360,train,1.818987,6.1656,1.681471e-04,169738240,5051.9
10380,train,1.774636,5.8981,1.677008e-04,170065920,5056.4
10400,train,1.844689,6.3261,1.672544e-04,170393600,5060.8
10420,train,1.880295,6.5554,1.668080e-04,170721280,5065.2
10440,train,1.885163,6.5874,1.663616e-04,171048960,5069.7
10460,train,1.756608,5.7928,1.659152e-04,171376640,5074.1
10480,train,1.900458,6.6890,1.654688e-04,171704320,5078.6
10500,train,1.849157,6.3545,1.650223e-04,172032000,5083.0
10500,val,1.751158,5.7613,1.650223e-04,172032000,5084.7
10520,train,1.807097,6.0927,1.645759e-04,172359680,5089.2
10540,train,1.789591,5.9870,1.641295e-04,172687360,5093.6
10560,train,1.802064,6.0621,1.636830e-04,173015040,5098.0
10580,train,1.859888,6.4230,1.632366e-04,173342720,5102.4
10600,train,1.937894,6.9441,1.627902e-04,173670400,5106.8
10620,train,1.832731,6.2509,1.623439e-04,173998080,5111.2
10640,train,1.806636,6.0899,1.618975e-04,174325760,5115.6
10660,train,1.836020,6.2715,1.614512e-04,174653440,5120.0
10680,train,1.843153,6.3164,1.610050e-04,174981120,5124.3
10700,train,1.848013,6.3472,1.605588e-04,175308800,5128.7
10720,train,1.913271,6.7752,1.601126e-04,175636480,5133.1
10740,train,1.814769,6.1397,1.596665e-04,175964160,5137.6
10760,train,1.912652,6.7710,1.592204e-04,176291840,5142.0
10780,train,1.799837,6.0487,1.587744e-04,176619520,5146.4
10800,train,1.800540,6.0529,1.583285e-04,176947200,5150.8
10820,train,1.844692,6.3262,1.578826e-04,177274880,5155.2
10840,train,1.888769,6.6112,1.574369e-04,177602560,5159.6
10860,train,1.841557,6.3064,1.569912e-04,177930240,5164.0
10880,train,1.846705,6.3389,1.565456e-04,178257920,5168.4
10900,train,1.856362,6.4004,1.561000e-04,178585600,5172.9
10920,train,1.774257,5.8959,1.556546e-04,178913280,5177.3
10940,train,1.779388,5.9262,1.552093e-04,179240960,5181.7
10960,train,1.853426,6.3816,1.547641e-04,179568640,5186.2
10980,train,1.727297,5.6254,1.543190e-04,179896320,5190.6
11000,train,1.895287,6.6545,1.538740e-04,180224000,5195.0
11000,val,1.740126,5.6981,1.538740e-04,180224000,5196.8
11020,train,1.841005,6.3029,1.534292e-04,180551680,5201.4
11040,train,1.770350,5.8729,1.529844e-04,180879360,5205.9
11060,train,1.808436,6.1009,1.525398e-04,181207040,5210.3
11080,train,1.852413,6.3752,1.520954e-04,181534720,5214.8
11100,train,1.856415,6.4008,1.516511e-04,181862400,5219.2
11120,train,1.789838,5.9885,1.512069e-04,182190080,5223.7
11140,train,1.798284,6.0393,1.507629e-04,182517760,5228.2
11160,train,1.860029,6.4239,1.503190e-04,182845440,5232.7
11180,train,1.816705,6.1516,1.498753e-04,183173120,5237.1
11200,train,1.755640,5.7872,1.494317e-04,183500800,5241.6
11220,train,1.882224,6.5681,1.489884e-04,183828480,5246.1
11240,train,1.838044,6.2842,1.485452e-04,184156160,5250.5
11260,train,1.732024,5.6521,1.481022e-04,184483840,5254.9
11280,train,1.811589,6.1202,1.476593e-04,184811520,5259.3
11300,train,1.824903,6.2022,1.472167e-04,185139200,5263.7
11320,train,1.792359,6.0036,1.467742e-04,185466880,5268.1
11340,train,1.832166,6.2474,1.463320e-04,185794560,5272.5
11360,train,1.827310,6.2171,1.458899e-04,186122240,5276.9
11380,train,1.824873,6.2020,1.454481e-04,186449920,5281.4
11400,train,1.843259,6.3171,1.450065e-04,186777600,5285.8
11420,train,1.838597,6.2877,1.445651e-04,187105280,5290.3
11440,train,1.823184,6.1915,1.441239e-04,187432960,5294.7
11460,train,1.807537,6.0954,1.436829e-04,187760640,5299.2
11480,train,1.839605,6.2940,1.432422e-04,188088320,5303.6
11500,train,1.768480,5.8619,1.428017e-04,188416000,5308.0
11500,val,1.731431,5.6487,1.428017e-04,188416000,5309.7
11520,train,1.786836,5.9705,1.423615e-04,188743680,5314.3
11540,train,1.830452,6.2367,1.419215e-04,189071360,5318.7
11560,train,1.790514,5.9925,1.414818e-04,189399040,5323.1
11580,train,1.830379,6.2362,1.410423e-04,189726720,5327.5
11600,train,1.811220,6.1179,1.406031e-04,190054400,5331.9
11620,train,1.798892,6.0429,1.401641e-04,190382080,5336.3
11640,train,1.831930,6.2459,1.397254e-04,190709760,5340.8
11660,train,1.885692,6.5909,1.392870e-04,191037440,5345.2
11680,train,1.878293,6.5423,1.388489e-04,191365120,5349.6
11700,train,1.837661,6.2818,1.384111e-04,191692800,5354.1
11720,train,1.879376,6.5494,1.379735e-04,192020480,5358.5
11740,train,1.854181,6.3865,1.375363e-04,192348160,5363.0
11760,train,1.850894,6.3655,1.370993e-04,192675840,5367.4
11780,train,1.827808,6.2202,1.366627e-04,193003520,5371.8
11800,train,1.789659,5.9874,1.362264e-04,193331200,5376.2
11820,train,1.774721,5.8986,1.357903e-04,193658880,5380.6
11840,train,1.787685,5.9756,1.353546e-04,193986560,5385.0
11860,train,1.816493,6.1502,1.349193e-04,194314240,5389.5
11880,train,1.839519,6.2935,1.344842e-04,194641920,5393.9
11900,train,1.767973,5.8590,1.340495e-04,194969600,5398.3
11920,train,1.841030,6.3030,1.336151e-04,195297280,5402.7
11940,train,1.737489,5.6831,1.331811e-04,195624960,5407.1
11960,train,1.820238,6.1733,1.327474e-04,195952640,5411.5
11980,train,1.767134,5.8540,1.323141e-04,196280320,5416.0
12000,train,1.827153,6.2162,1.318811e-04,196608000,5420.4
12000,val,1.720531,5.5875,1.318811e-04,196608000,5422.1
12020,train,1.790745,5.9939,1.314485e-04,196935680,5426.6
12040,train,1.889729,6.6176,1.310162e-04,197263360,5431.1
12060,train,1.711026,5.5346,1.305844e-04,197591040,5435.5
12080,train,1.746158,5.7325,1.301529e-04,197918720,5439.9
12100,train,1.712953,5.5453,1.297218e-04,198246400,5444.3
12120,train,1.878181,6.5416,1.292910e-04,198574080,5448.7
12140,train,1.793955,6.0132,1.288607e-04,198901760,5453.2
12160,train,1.916313,6.7959,1.284307e-04,199229440,5457.6
12180,train,1.865997,6.4624,1.280012e-04,199557120,5462.0
12200,train,1.802939,6.0675,1.275721e-04,199884800,5466.4
12220,train,1.806033,6.0863,1.271433e-04,200212480,5470.9
12240,train,1.804100,6.0745,1.267150e-04,200540160,5475.3
12260,train,1.931503,6.8999,1.262871e-04,200867840,5479.7
12280,train,1.787810,5.9764,1.258596e-04,201195520,5484.1
12300,train,1.771217,5.8780,1.254326e-04,201523200,5488.5
12320,train,1.750340,5.7566,1.250060e-04,201850880,5492.9
12340,train,1.832309,6.2483,1.245798e-04,202178560,5497.3
12360,train,1.902690,6.7039,1.241541e-04,202506240,5501.8
12380,train,1.814134,6.1358,1.237288e-04,202833920,5506.2
12400,train,1.871344,6.4970,1.233039e-04,203161600,5510.6
12420,train,1.858108,6.4116,1.228796e-04,203489280,5515.0
12440,train,1.712142,5.5408,1.224556e-04,203816960,5519.5
12460,train,1.745049,5.7262,1.220322e-04,204144640,5523.9
12480,train,1.795883,6.0248,1.216092e-04,204472320,5528.3
12500,train,1.823007,6.1904,1.211867e-04,204800000,5532.7
12500,val,1.714585,5.5544,1.211867e-04,204800000,5534.4
12520,train,1.763187,5.8310,1.207647e-04,205127680,5539.0
12540,train,1.787187,5.9726,1.203431e-04,205455360,5543.4
12560,train,1.841509,6.3060,1.199220e-04,205783040,5547.9
12580,train,1.767425,5.8558,1.195015e-04,206110720,5552.3
12600,train,1.818369,6.1618,1.190814e-04,206438400,5556.7
12620,train,1.802046,6.0620,1.186618e-04,206766080,5561.1
12640,train,1.870513,6.4916,1.182428e-04,207093760,5565.6
12660,train,1.904152,6.7137,1.178242e-04,207421440,5570.0
12680,train,1.802571,6.0652,1.174062e-04,207749120,5574.4
12700,train,1.810279,6.1122,1.169887e-04,208076800,5578.8
12720,train,1.856794,6.4032,1.165717e-04,208404480,5583.2
12740,train,1.772294,5.8843,1.161552e-04,208732160,5587.6
12760,train,1.823192,6.1916,1.157393e-04,209059840,5592.0
12780,train,1.791099,5.9960,1.153239e-04,209387520,5596.4
12800,train,1.834309,6.2608,1.149091e-04,209715200,5600.8
12820,train,1.802759,6.0664,1.144948e-04,210042880,5605.2
12840,train,1.835275,6.2669,1.140811e-04,210370560,5609.6
12860,train,1.862237,6.4381,1.136679e-04,210698240,5614.0
12880,train,1.793418,6.0100,1.132553e-04,211025920,5618.4
12900,train,1.784526,5.9568,1.128432e-04,211353600,5622.8
12920,train,1.883470,6.5763,1.124317e-04,211681280,5627.2
12940,train,1.808318,6.1002,1.120208e-04,212008960,5631.6
12960,train,1.853509,6.3822,1.116105e-04,212336640,5636.0
12980,train,1.758670,5.8047,1.112007e-04,212664320,5640.4
13000,train,1.784164,5.9546,1.107916e-04,212992000,5644.8
13000,val,1.707643,5.5159,1.107916e-04,212992000,5646.5
13020,train,1.684087,5.3875,1.103830e-04,213319680,5651.1
13040,train,1.798337,6.0396,1.099750e-04,213647360,5655.6
13060,train,1.753979,5.7775,1.095677e-04,213975040,5660.0
13080,train,1.838227,6.2854,1.091609e-04,214302720,5664.4
13100,train,1.738069,5.6864,1.087547e-04,214630400,5668.8
13120,train,1.791321,5.9974,1.083492e-04,214958080,5673.2
13140,train,1.795903,6.0249,1.079443e-04,215285760,5677.6
13160,train,1.872514,6.5046,1.075400e-04,215613440,5682.0
13180,train,1.888609,6.6102,1.071363e-04,215941120,5686.4
13200,train,1.815118,6.1418,1.067333e-04,216268800,5690.8
13220,train,1.746887,5.7367,1.063309e-04,216596480,5695.2
13240,train,1.862574,6.4403,1.059291e-04,216924160,5699.6
13260,train,1.827095,6.2158,1.055280e-04,217251840,5704.1
13280,train,1.778679,5.9220,1.051276e-04,217579520,5708.5
13300,train,1.691523,5.4277,1.047278e-04,217907200,5712.9
13320,train,1.733825,5.6623,1.043286e-04,218234880,5717.3
13340,train,1.764616,5.8393,1.039302e-04,218562560,5721.8
13360,train,1.750491,5.7574,1.035324e-04,218890240,5726.2
13380,train,1.777261,5.9136,1.031352e-04,219217920,5730.6
13400,train,1.811588,6.1202,1.027387e-04,219545600,5735.0
13420,train,1.812729,6.1271,1.023430e-04,219873280,5739.5
13440,train,1.789839,5.9885,1.019479e-04,220200960,5743.9
13460,train,1.813103,6.1294,1.015535e-04,220528640,5748.3
13480,train,1.792298,6.0032,1.011597e-04,220856320,5752.7
13500,train,1.793118,6.0082,1.007667e-04,221184000,5757.1
13500,val,1.699068,5.4688,1.007667e-04,221184000,5758.8
13520,train,1.791471,5.9983,1.003744e-04,221511680,5763.3
13540,train,1.758605,5.8043,9.998282e-05,221839360,5767.7
13560,train,1.816044,6.1475,9.959192e-05,222167040,5772.1
13580,train,1.762027,5.8242,9.920174e-05,222494720,5776.6
13600,train,1.836801,6.2764,9.881228e-05,222822400,5781.0
13620,train,1.755280,5.7851,9.842354e-05,223150080,5785.4
13640,train,1.942287,6.9747,9.803554e-05,223477760,5789.8
13660,train,1.744524,5.7232,9.764826e-05,223805440,5794.2
13680,train,1.744830,5.7249,9.726172e-05,224133120,5798.6
13700,train,1.790221,5.9908,9.687592e-05,224460800,5803.0
13720,train,1.795292,6.0212,9.649087e-05,224788480,5807.5
13740,train,1.856918,6.4040,9.610656e-05,225116160,5811.9
13760,train,1.750946,5.7600,9.572301e-05,225443840,5816.3
13780,train,1.727910,5.6289,9.534022e-05,225771520,5820.7
13800,train,1.687808,5.4076,9.495819e-05,226099200,5825.1
13820,train,1.842286,6.3109,9.457692e-05,226426880,5829.5
13840,train,1.818360,6.1617,9.419643e-05,226754560,5834.0
13860,train,1.779029,5.9241,9.381671e-05,227082240,5838.4
13880,train,1.718042,5.5736,9.343776e-05,227409920,5842.7
13900,train,1.820780,6.1767,9.305960e-05,227737600,5847.1
13920,train,1.812192,6.1239,9.268223e-05,228065280,5851.5
13940,train,1.716568,5.5654,9.230565e-05,228392960,5855.9
13960,train,1.758554,5.8040,9.192986e-05,228720640,5860.4
13980,train,1.721198,5.5912,9.155487e-05,229048320,5864.8
14000,train,1.831176,6.2412,9.118069e-05,229376000,5869.2
14000,val,1.693968,5.4410,9.118069e-05,229376000,5870.9
14020,train,1.802229,6.0631,9.080731e-05,229703680,5875.5
14040,train,1.797382,6.0338,9.043474e-05,230031360,5879.9
14060,train,1.863454,6.4460,9.006299e-05,230359040,5884.3
14080,train,1.881021,6.5602,8.969206e-05,230686720,5888.7
14100,train,1.782410,5.9442,8.932195e-05,231014400,5893.1
14120,train,1.843438,6.3182,8.895267e-05,231342080,5897.5
14140,train,1.690977,5.4248,8.858422e-05,231669760,5901.9
14160,train,1.846730,6.3391,8.821661e-05,231997440,5906.3
14180,train,1.753332,5.7738,8.784983e-05,232325120,5910.7
14200,train,1.786537,5.9687,8.748390e-05,232652800,5915.1
14220,train,1.667177,5.2972,8.711882e-05,232980480,5919.5
14240,train,1.714932,5.5563,8.675459e-05,233308160,5923.9
14260,train,1.842929,6.3150,8.639122e-05,233635840,5928.2
14280,train,1.671394,5.3196,8.602870e-05,233963520,5932.6
14300,train,1.769976,5.8707,8.566705e-05,234291200,5937.0
14320,train,1.822317,6.1862,8.530627e-05,234618880,5941.5
14340,train,1.749456,5.7515,8.494635e-05,234946560,5945.9
14360,train,1.767414,5.8557,8.458732e-05,235274240,5950.3
14380,train,1.728779,5.6338,8.422916e-05,235601920,5954.7
14400,train,1.795143,6.0203,8.387189e-05,235929600,5959.1
14420,train,1.786554,5.9688,8.351550e-05,236257280,5963.6
14440,train,1.768595,5.8626,8.316000e-05,236584960,5968.0
14460,train,1.849963,6.3596,8.280540e-05,236912640,5972.4
14480,train,1.778732,5.9223,8.245170e-05,237240320,5976.8
14500,train,1.800693,6.0538,8.209890e-05,237568000,5981.2
14500,val,1.687764,5.4074,8.209890e-05,237568000,5982.9
14520,train,1.711900,5.5395,8.174701e-05,237895680,5987.4
14540,train,1.803720,6.0722,8.139602e-05,238223360,5991.8
14560,train,1.814672,6.1391,8.104596e-05,238551040,5996.2
14580,train,1.808408,6.1007,8.069681e-05,238878720,6000.6
14600,train,1.728110,5.6300,8.034858e-05,239206400,6005.0
14620,train,1.864387,6.4520,8.000128e-05,239534080,6009.4
14640,train,1.747840,5.7422,7.965490e-05,239861760,6013.8
14660,train,1.752580,5.7695,7.930946e-05,240189440,6018.2
14680,train,1.701680,5.4832,7.896496e-05,240517120,6022.6
14700,train,1.830520,6.2371,7.862140e-05,240844800,6027.0
14720,train,1.730639,5.6443,7.827878e-05,241172480,6031.4
14740,train,1.765792,5.8462,7.793711e-05,241500160,6035.9
14760,train,1.723305,5.6030,7.759640e-05,241827840,6040.3
14780,train,1.764379,5.8379,7.725664e-05,242155520,6044.7
14800,train,1.829231,6.2291,7.691784e-05,242483200,6049.2
14820,train,1.770524,5.8739,7.658000e-05,242810880,6053.6
14840,train,1.777697,5.9162,7.624313e-05,243138560,6058.0
14860,train,1.749150,5.7497,7.590723e-05,243466240,6062.4
14880,train,1.748202,5.7443,7.557230e-05,243793920,6066.8
14900,train,1.772516,5.8856,7.523835e-05,244121600,6071.2
14920,train,1.732090,5.6525,7.490539e-05,244449280,6075.7
14940,train,1.767252,5.8547,7.457341e-05,244776960,6080.1
14960,train,1.811920,6.1222,7.424241e-05,245104640,6084.5
14980,train,1.810008,6.1105,7.391242e-05,245432320,6089.0
15000,train,1.793134,6.0083,7.358341e-05,245760000,6093.4
15000,val,1.680885,5.3703,7.358341e-05,245760000,6095.1
15020,train,1.740486,5.7001,7.325541e-05,246087680,6099.6
15040,train,1.781517,5.9389,7.292841e-05,246415360,6104.0
15060,train,1.795759,6.0240,7.260241e-05,246743040,6108.4
15080,train,1.782872,5.9469,7.227743e-05,247070720,6112.9
15100,train,1.807670,6.0962,7.195346e-05,247398400,6117.3
15120,train,1.851654,6.3703,7.163051e-05,247726080,6121.7
15140,train,1.711949,5.5397,7.130858e-05,248053760,6126.1
15160,train,1.748338,5.7450,7.098767e-05,248381440,6130.6
15180,train,1.721289,5.5917,7.066780e-05,248709120,6135.0
15200,train,1.715591,5.5600,7.034895e-05,249036800,6139.4
15220,train,1.789993,5.9894,7.003114e-05,249364480,6143.8
15240,train,1.787862,5.9767,6.971437e-05,249692160,6148.3
15260,train,1.836304,6.2733,6.939863e-05,250019840,6152.7
15280,train,1.707716,5.5163,6.908395e-05,250347520,6157.1
15300,train,1.774603,5.8979,6.877031e-05,250675200,6161.5
15320,train,1.834502,6.2620,6.845773e-05,251002880,6165.9
15340,train,1.687649,5.4068,6.814620e-05,251330560,6170.3
15360,train,1.837376,6.2800,6.783573e-05,251658240,6174.7
15380,train,1.748254,5.7446,6.752633e-05,251985920,6179.1
15400,train,1.780988,5.9357,6.721799e-05,252313600,6183.5
15420,train,1.803497,6.0708,6.691072e-05,252641280,6187.9
15440,train,1.807678,6.0963,6.660452e-05,252968960,6192.3
15460,train,1.835430,6.2678,6.629939e-05,253296640,6196.7
15480,train,1.702613,5.4883,6.599535e-05,253624320,6201.1
15500,train,1.835185,6.2663,6.569239e-05,253952000,6205.5
15500,val,1.677086,5.3499,6.569239e-05,253952000,6207.2
15520,train,1.790315,5.9913,6.539052e-05,254279680,6211.7
15540,train,1.801977,6.0616,6.508973e-05,254607360,6216.1
15560,train,1.670343,5.3140,6.479004e-05,254935040,6220.5
15580,train,1.799436,6.0462,6.449144e-05,255262720,6224.9
15600,train,1.761773,5.8228,6.419395e-05,255590400,6229.3
15620,train,1.779610,5.9275,6.389755e-05,255918080,6233.7
15640,train,1.812883,6.1281,6.360226e-05,256245760,6238.1
15660,train,1.731953,5.6517,6.330808e-05,256573440,6242.5
15680,train,1.806496,6.0891,6.301501e-05,256901120,6246.9
15700,train,1.860168,6.4248,6.272306e-05,257228800,6251.3
15720,train,1.759162,5.8076,6.243223e-05,257556480,6255.7
15740,train,1.708341,5.5198,6.214251e-05,257884160,6260.1
15760,train,1.768919,5.8645,6.185393e-05,258211840,6264.5
15780,train,1.717455,5.5703,6.156647e-05,258539520,6268.9
15800,train,1.786138,5.9664,6.128014e-05,258867200,6273.3
15820,train,1.828490,6.2245,6.099494e-05,259194880,6277.7
15840,train,1.774249,5.8959,6.071088e-05,259522560,6282.1
15860,train,1.785999,5.9655,6.042797e-05,259850240,6286.5
15880,train,1.763620,5.8335,6.014620e-05,260177920,6290.9
15900,train,1.857109,6.4052,5.986557e-05,260505600,6295.3
15920,train,1.793905,6.0129,5.958609e-05,260833280,6299.7
15940,train,1.765302,5.8433,5.930777e-05,261160960,6304.1
15960,train,1.705198,5.5025,5.903060e-05,261488640,6308.5
15980,train,1.679920,5.3651,5.875459e-05,261816320,6312.9
16000,train,1.780506,5.9329,5.847974e-05,262144000,6317.3
16000,val,1.671701,5.3212,5.847974e-05,262144000,6319.0
16020,train,1.779993,5.9298,5.820606e-05,262471680,6323.5
16040,train,1.778120,5.9187,5.793355e-05,262799360,6328.0
16060,train,1.725561,5.6157,5.766220e-05,263127040,6332.4
16080,train,1.775528,5.9034,5.739203e-05,263454720,6336.8
16100,train,1.740130,5.6981,5.712304e-05,263782400,6341.2
16120,train,1.753301,5.7736,5.685523e-05,264110080,6345.5
16140,train,1.833815,6.2577,5.658859e-05,264437760,6349.9
16160,train,1.850940,6.3658,5.632315e-05,264765440,6354.3
16180,train,1.815231,6.1425,5.605889e-05,265093120,6358.7
16200,train,1.787327,5.9735,5.579583e-05,265420800,6363.1
16220,train,1.710772,5.5332,5.553396e-05,265748480,6367.5
16240,train,1.795234,6.0209,5.527328e-05,266076160,6371.9
16260,train,1.790998,5.9954,5.501381e-05,266403840,6376.3
16280,train,1.763048,5.8302,5.475554e-05,266731520,6380.7
16300,train,1.766492,5.8503,5.449847e-05,267059200,6385.1
16320,train,1.773536,5.8916,5.424261e-05,267386880,6389.5
16340,train,1.778495,5.9209,5.398797e-05,267714560,6393.9
16360,train,1.813995,6.1349,5.373454e-05,268042240,6398.3
16380,train,1.754571,5.7810,5.348232e-05,268369920,6402.7
16400,train,1.806865,6.0913,5.323133e-05,268697600,6407.1
16420,train,1.727721,5.6278,5.298155e-05,269025280,6411.5
16440,train,1.671390,5.3196,5.273300e-05,269352960,6415.9
16460,train,1.772497,5.8855,5.248568e-05,269680640,6420.3
16480,train,1.768553,5.8624,5.223959e-05,270008320,6424.7
16500,train,1.761077,5.8187,5.199474e-05,270336000,6429.1
16500,val,1.667160,5.2971,5.199474e-05,270336000,6430.7
16520,train,1.760034,5.8126,5.175111e-05,270663680,6435.3
16540,train,1.730418,5.6430,5.150873e-05,270991360,6439.7
16560,train,1.810169,6.1115,5.126759e-05,271319040,6444.1
16580,train,1.705825,5.5059,5.102769e-05,271646720,6448.5
16600,train,1.767704,5.8574,5.078904e-05,271974400,6452.9
16620,train,1.750781,5.7591,5.055164e-05,272302080,6457.3
16640,train,1.801875,6.0610,5.031549e-05,272629760,6461.7
16660,train,1.757654,5.7988,5.008059e-05,272957440,6466.1
16680,train,1.710494,5.5317,4.984695e-05,273285120,6470.5
16700,train,1.785607,5.9632,4.961457e-05,273612800,6474.9
16720,train,1.697572,5.4607,4.938345e-05,273940480,6479.3
16740,train,1.721445,5.5926,4.915360e-05,274268160,6483.7
16760,train,1.729834,5.6397,4.892501e-05,274595840,6488.1
16780,train,1.853265,6.3806,4.869769e-05,274923520,6492.5
16800,train,1.683307,5.3833,4.847164e-05,275251200,6497.0
16820,train,1.754037,5.7779,4.824687e-05,275578880,6501.4
16840,train,1.813656,6.1328,4.802338e-05,275906560,6505.9
16860,train,1.735813,5.6735,4.780116e-05,276234240,6510.3
16880,train,1.867121,6.4696,4.758023e-05,276561920,6514.7
16900,train,1.734235,5.6646,4.736058e-05,276889600,6519.2
16920,train,1.610975,5.0077,4.714221e-05,277217280,6523.6
16940,train,1.755713,5.7876,4.692514e-05,277544960,6528.0
16960,train,1.741966,5.7086,4.670935e-05,277872640,6532.4
16980,train,1.745379,5.7281,4.649486e-05,278200320,6536.8
17000,train,1.679608,5.3635,4.628167e-05,278528000,6541.2
17000,val,1.663538,5.2780,4.628167e-05,278528000,6542.9
17020,train,1.742689,5.7127,4.606977e-05,278855680,6547.4
17040,train,1.767840,5.8582,4.585918e-05,279183360,6551.8
17060,train,1.804591,6.0775,4.564989e-05,279511040,6556.2
17080,train,1.815373,6.1434,4.544190e-05,279838720,6560.6
17100,train,1.824943,6.2024,4.523522e-05,280166400,6565.0
17120,train,1.724791,5.6113,4.502985e-05,280494080,6569.4
17140,train,1.724876,5.6118,4.482579e-05,280821760,6573.7
17160,train,1.791937,6.0011,4.462305e-05,281149440,6578.1
17180,train,1.762865,5.8291,4.442162e-05,281477120,6582.5
17200,train,1.707957,5.5177,4.422151e-05,281804800,6586.9
17220,train,1.741266,5.7046,4.402272e-05,282132480,6591.3
17240,train,1.789750,5.9880,4.382526e-05,282460160,6595.7
17260,train,1.719973,5.5844,4.362912e-05,282787840,6600.0
17280,train,1.836211,6.2727,4.343431e-05,283115520,6604.4
17300,train,1.755077,5.7839,4.324082e-05,283443200,6608.8
17320,train,1.802361,6.0639,4.304867e-05,283770880,6613.2
17340,train,1.682808,5.3806,4.285785e-05,284098560,6617.6
17360,train,1.732195,5.6531,4.266837e-05,284426240,6622.0
17380,train,1.700606,5.4773,4.248023e-05,284753920,6626.4
17400,train,1.735389,5.6711,4.229342e-05,285081600,6630.8
17420,train,1.753710,5.7760,4.210796e-05,285409280,6635.2
17440,train,1.866211,6.4638,4.192384e-05,285736960,6639.6
17460,train,1.779486,5.9268,4.174107e-05,286064640,6644.0
17480,train,1.743615,5.7180,4.155964e-05,286392320,6648.3
17500,train,1.772213,5.8839,4.137957e-05,286720000,6652.7
17500,val,1.659771,5.2581,4.137957e-05,286720000,6654.4
17520,train,1.774016,5.8945,4.120085e-05,287047680,6658.9
17540,train,1.702196,5.4860,4.102348e-05,287375360,6663.3
17560,train,1.707313,5.5141,4.084746e-05,287703040,6667.7
17580,train,1.801565,6.0591,4.067281e-05,288030720,6672.0
17600,train,1.676895,5.3489,4.049951e-05,288358400,6676.4
17620,train,1.799874,6.0489,4.032758e-05,288686080,6680.8
17640,train,1.803452,6.0706,4.015701e-05,289013760,6685.2
17660,train,1.705133,5.5021,3.998780e-05,289341440,6689.5
17680,train,1.758849,5.8057,3.981996e-05,289669120,6693.9
17700,train,1.733422,5.6600,3.965349e-05,289996800,6698.3
17720,train,1.720450,5.5870,3.948839e-05,290324480,6702.7
17740,train,1.745956,5.7314,3.932467e-05,290652160,6707.0
17760,train,1.753702,5.7759,3.916231e-05,290979840,6711.4
17780,train,1.729324,5.6368,3.900134e-05,291307520,6715.8
17800,train,1.687038,5.4035,3.884174e-05,291635200,6720.2
17820,train,1.703218,5.4916,3.868352e-05,291962880,6724.6
17840,train,1.769346,5.8670,3.852669e-05,292290560,6728.9
17860,train,1.758909,5.8061,3.837123e-05,292618240,6733.3
17880,train,1.744190,5.7213,3.821716e-05,292945920,6737.7
17900,train,1.808942,6.1040,3.806448e-05,293273600,6742.1
17920,train,1.694564,5.4443,3.791319e-05,293601280,6746.4
17940,train,1.748075,5.7435,3.776328e-05,293928960,6750.8
17960,train,1.773574,5.8919,3.761477e-05,294256640,6755.2
17980,train,1.794443,6.0161,3.746765e-05,294584320,6759.6
18000,train,1.811232,6.1180,3.732192e-05,294912000,6764.0
18000,val,1.656447,5.2407,3.732192e-05,294912000,6765.6
18020,train,1.753150,5.7728,3.717759e-05,295239680,6770.1
18040,train,1.729424,5.6374,3.703466e-05,295567360,6774.5
18060,train,1.768603,5.8627,3.689313e-05,295895040,6778.9
18080,train,1.717338,5.5697,3.675300e-05,296222720,6783.3
18100,train,1.683378,5.3837,3.661427e-05,296550400,6787.6
18120,train,1.775955,5.9059,3.647695e-05,296878080,6792.0
18140,train,1.865618,6.4599,3.634103e-05,297205760,6796.4
18160,train,1.748816,5.7478,3.620651e-05,297533440,6800.8
18180,train,1.815162,6.1421,3.607341e-05,297861120,6805.2
18200,train,1.772959,5.8883,3.594172e-05,298188800,6809.5
18220,train,1.715951,5.5620,3.581143e-05,298516480,6813.9
18240,train,1.735700,5.6729,3.568257e-05,298844160,6818.3
18260,train,1.752743,5.7704,3.555511e-05,299171840,6822.7
18280,train,1.851600,6.3700,3.542907e-05,299499520,6827.1
18300,train,1.697987,5.4629,3.530445e-05,299827200,6831.5
18320,train,1.744742,5.7244,3.518124e-05,300154880,6835.9
18340,train,1.757104,5.7956,3.505946e-05,300482560,6840.3
18360,train,1.655523,5.2358,3.493909e-05,300810240,6844.7
18380,train,1.751430,5.7628,3.482015e-05,301137920,6849.1
18400,train,1.762645,5.8278,3.470264e-05,301465600,6853.5
18420,train,1.755970,5.7891,3.458654e-05,301793280,6857.9
18440,train,1.839990,6.2965,3.447188e-05,302120960,6862.3
18460,train,1.787697,5.9757,3.435864e-05,302448640,6866.7
18480,train,1.692068,5.4307,3.424683e-05,302776320,6871.1
18500,train,1.755522,5.7865,3.413645e-05,303104000,6875.4
18500,val,1.653552,5.2255,3.413645e-05,303104000,6877.1
18520,train,1.690969,5.4247,3.402750e-05,303431680,6881.6
18540,train,1.749273,5.7504,3.391998e-05,303759360,6886.0
18560,train,1.776521,5.9093,3.381389e-05,304087040,6890.4
18580,train,1.737297,5.6820,3.370925e-05,304414720,6894.8
18600,train,1.635852,5.1338,3.360603e-05,304742400,6899.2
18620,train,1.744872,5.7252,3.350426e-05,305070080,6903.6
18640,train,1.757834,5.7999,3.340392e-05,305397760,6907.9
18660,train,1.655098,5.2336,3.330502e-05,305725440,6912.3
18680,train,1.779292,5.9257,3.320756e-05,306053120,6916.7
18700,train,1.717071,5.5682,3.311154e-05,306380800,6921.1
18720,train,1.777967,5.9178,3.301697e-05,306708480,6925.4
18740,train,1.733621,5.6611,3.292383e-05,307036160,6929.8
18760,train,1.741442,5.7056,3.283215e-05,307363840,6934.2
18780,train,1.824980,6.2027,3.274190e-05,307691520,6938.6
18800,train,1.736749,5.6788,3.265311e-05,308019200,6943.0
18820,train,1.705089,5.5019,3.256576e-05,308346880,6947.3
18840,train,1.747626,5.7410,3.247986e-05,308674560,6951.7
18860,train,1.693659,5.4393,3.239541e-05,309002240,6956.1
18880,train,1.717616,5.5712,3.231240e-05,309329920,6960.5
18900,train,1.665891,5.2904,3.223085e-05,309657600,6964.9
18920,train,1.747066,5.7377,3.215076e-05,309985280,6969.2
18940,train,1.687734,5.4072,3.207211e-05,310312960,6973.6
18960,train,1.791874,6.0007,3.199492e-05,310640640,6978.0
18980,train,1.681480,5.3735,3.191918e-05,310968320,6982.4
19000,train,1.744175,5.7212,3.184490e-05,311296000,6986.8
19000,val,1.651492,5.2148,3.184490e-05,311296000,6988.5
19020,train,1.734935,5.6686,3.177207e-05,311623680,6993.0
19040,train,1.800841,6.0547,3.170071e-05,311951360,6997.4
19060,train,1.808461,6.1011,3.163079e-05,312279040,7001.8
19080,train,1.822279,6.1859,3.156234e-05,312606720,7006.2
19100,train,1.758946,5.8063,3.149535e-05,312934400,7010.6
19120,train,1.791220,5.9968,3.142982e-05,313262080,7015.0
19140,train,1.825669,6.2069,3.136574e-05,313589760,7019.4
19160,train,1.669344,5.3087,3.130313e-05,313917440,7023.8
19180,train,1.721744,5.5943,3.124198e-05,314245120,7028.1
19200,train,1.790466,5.9922,3.118230e-05,314572800,7032.5
19220,train,1.718886,5.5783,3.112407e-05,314900480,7036.9
19240,train,1.730954,5.6460,3.106731e-05,315228160,7041.3
19260,train,1.714591,5.5544,3.101202e-05,315555840,7045.7
19280,train,1.724314,5.6087,3.095819e-05,315883520,7050.0
19300,train,1.723306,5.6030,3.090583e-05,316211200,7054.4
19320,train,1.730519,5.6436,3.085493e-05,316538880,7058.8
19340,train,1.699139,5.4692,3.080550e-05,316866560,7063.2
19360,train,1.765626,5.8452,3.075754e-05,317194240,7067.5
19380,train,1.740468,5.7000,3.071105e-05,317521920,7072.0
19400,train,1.833924,6.2584,3.066602e-05,317849600,7076.5
19420,train,1.836941,6.2773,3.062246e-05,318177280,7080.9
19440,train,1.775425,5.9028,3.058038e-05,318504960,7085.2
19460,train,1.765679,5.8455,3.053976e-05,318832640,7089.6
19480,train,1.735009,5.6690,3.050061e-05,319160320,7094.0
19500,train,1.705490,5.5041,3.046294e-05,319488000,7098.4
19500,val,1.649451,5.2041,3.046294e-05,319488000,7100.0
19520,train,1.717215,5.5690,3.042673e-05,319815680,7104.5
19540,train,1.787691,5.9756,3.039200e-05,320143360,7108.9
19560,train,1.873638,6.5119,3.035874e-05,320471040,7113.3
19580,train,1.697222,5.4588,3.032695e-05,320798720,7117.7
19600,train,1.739542,5.6947,3.029664e-05,321126400,7122.1
19620,train,1.714935,5.5563,3.026780e-05,321454080,7126.4
19640,train,1.716944,5.5675,3.024043e-05,321781760,7130.8
19660,train,1.774679,5.8984,3.021453e-05,322109440,7135.2
19680,train,1.686202,5.3989,3.019011e-05,322437120,7139.6
19700,train,1.757653,5.7988,3.016716e-05,322764800,7143.9
19720,train,1.738771,5.6903,3.014569e-05,323092480,7148.3
19740,train,1.760861,5.8174,3.012569e-05,323420160,7152.7
19760,train,1.714664,5.5548,3.010717e-05,323747840,7157.1
19780,train,1.702914,5.4899,3.009012e-05,324075520,7161.4
19800,train,1.589278,4.9002,3.007455e-05,324403200,7165.8
19820,train,1.778286,5.9197,3.006045e-05,324730880,7170.2
19840,train,1.676815,5.3485,3.004783e-05,325058560,7174.6
19860,train,1.723825,5.6059,3.003669e-05,325386240,7178.9
19880,train,1.785250,5.9611,3.002702e-05,325713920,7183.3
19900,train,1.726636,5.6217,3.001882e-05,326041600,7187.7
19920,train,1.700908,5.4789,3.001211e-05,326369280,7192.1
19940,train,1.730616,5.6441,3.000687e-05,326696960,7196.4
19960,train,1.710442,5.5314,3.000310e-05,327024640,7200.8
19980,train,1.797119,6.0322,3.000081e-05,327352320,7205.2
20000,train,1.689720,5.4180,3.000000e-05,327680000,7209.5
20000,val,1.648289,5.1981,3.000000e-05,327680000,7211.2
